Data,Ticker,Tier,Perf_6M_Reg,Conviccao,Peso_Sugerido
2026-10-05,TMV.DE,Tier A,54.6067984910289,83,2.6%
2026-10-05,SAP.DE,Tier A,32.0565099252708,59,2.5%
2026-10-05,ASML.AS,Tier A,31.914656960482834,64,2.3%
2026-10-05,ARGX.BR,Tier A,20.000003606213077,57,2.5%
2026-10-05,GALP.LS,Tier A,16.721564273253353,64,3.2%
2026-10-05,RR.L,Tier A,15.496286460509424,58,2.4%
2026-10-05,ABBN.SW,Tier A,15.39547094159872,63,3.4%
2026-10-05,AMS.MC,Tier A,9.973023240889356,62,3.5%
2026-10-05,NOS.LS,Tier A,7.632035635931644,64,4.5%
2026-10-05,OR.PA,Tier A,6.722690248223451,50,3.0%
2026-10-05,SLR.MC,Tier B,-29.775526046684874,43,1.5%
2026-10-05,RMS.PA,Tier B,-26.450997454282643,49,2.5%
2026-10-05,AZN.L,Tier B,-22.985225735668447,52,2.9%
2026-10-05,GSK.L,Tier B,-18.81317381126101,62,3.7%
2026-10-05,NOVN.SW,Tier B,-4.665245485353564,62,4.3%
2026-10-05,ADYEN.AS,Tier B,-3.350518108030587,42,1.5%
2026-10-05,BESI.AS,Tier B,-1.2664116160585381,41,1.2%
2026-10-05,NOVO-B.CO,Tier B,4.099379881382603,52,1.6%
2026-10-05,MU,Tier A,161.4101522331432,80,1.7%
2026-10-05,FTNT,Tier A,119.63237373745214,74,2.6%
2026-10-05,SNDK,Tier A,119.14328934539893,80,1.1%
2026-10-05,MSFT,Tier A,40.83369805750203,79,4.1%
2026-10-05,AMAT,Tier A,39.708591592006904,64,1.8%
2026-10-05,HAFN,Tier A,38.24307201108721,72,2.7%
2026-10-05,PLTR,Tier A,34.45581655717434,50,1.1%
2026-10-05,EXEL,Tier A,33.81221488482766,72,2.6%
2026-10-05,SHOP,Tier A,32.51040967689291,34,0.8%
2026-10-05,NVDA,Tier A,31.20045639096014,69,2.4%
2026-10-05,CRM,Tier A,31.159115913333512,60,2.2%
2026-10-05,AAPL,Tier A,28.788720393003643,68,3.5%
2026-10-05,META,Tier A,21.477908127961975,63,2.4%
2026-10-05,LLY,Tier A,21.009148786015118,62,2.4%
2026-10-05,ITUB,Tier A,14.79366109598923,58,2.7%
2026-10-05,VRTX,Tier A,13.114972249779688,54,2.5%
2026-10-05,GOOGL,Tier A,9.444803207684881,59,2.8%
2026-10-05,JPM,Tier A,8.583536053013718,54,3.3%
2026-10-05,ZION,Tier A,5.885541996712806,48,2.1%
2026-10-05,ACN,Tier A,2.360776180106905,51,1.9%
2026-10-05,TDW,Tier A,-3.403912184136637,35,1.0%
2026-10-05,CHTR,Tier B,-51.91986860491311,48,1.5%
2026-10-05,NFLX,Tier B,-32.65419014886185,54,2.3%
2026-10-05,ADSK,Tier B,-7.97215640268697,55,2.4%
2026-10-05,ORCL,Tier B,0.6212646157212953,45,1.2%
2026-10-05,AVGO,Tier B,3.720346068857805,47,1.4%
2026-10-06,TMV.DE,Tier A,54.60679893480476,83,2.6%
2026-10-06,SAP.DE,Tier A,32.056514716720756,59,2.5%
2026-10-06,ASML.AS,Tier A,31.9146608495938,64,2.3%
2026-10-06,ARGX.BR,Tier A,19.999999999999996,57,2.5%
2026-10-06,GALP.LS,Tier A,16.721564676566246,64,3.2%
2026-10-06,RR.L,Tier A,15.496286460509424,58,2.4%
2026-10-06,ABBN.SW,Tier A,15.39547525199092,63,3.4%
2026-10-06,AMS.MC,Tier A,9.973019447245557,62,3.5%
2026-10-06,NOS.LS,Tier A,7.632034120862907,64,4.5%
2026-10-06,OR.PA,Tier A,6.722686759758667,50,3.0%
2026-10-06,SLR.MC,Tier B,-29.775526046684874,43,1.5%
2026-10-06,RMS.PA,Tier B,-26.450997454282643,49,2.5%
2026-10-06,AZN.L,Tier B,-22.985225735668447,52,2.9%
2026-10-06,GSK.L,Tier B,-18.81317381126101,62,3.7%
2026-10-06,NOVN.SW,Tier B,-4.665245485353564,62,4.3%
2026-10-06,ADYEN.AS,Tier B,-3.350518108030587,42,1.5%
2026-10-06,BESI.AS,Tier B,-1.2664116160585381,41,1.2%
2026-10-06,NOVO-B.CO,Tier B,4.099378594161807,52,1.6%
2026-10-06,MU,Tier A,161.62900427062667,80,1.7%
2026-10-06,FTNT,Tier A,120.48855860358785,74,2.6%
2026-10-06,SNDK,Tier A,118.23024032797194,80,1.1%
2026-10-06,AMAT,Tier A,40.914320081306265,64,1.8%
2026-10-06,MSFT,Tier A,40.867237908746134,79,4.1%
2026-10-06,HAFN,Tier A,37.308089651700186,71,2.7%
2026-10-06,PLTR,Tier A,34.5552766349404,50,1.1%
2026-10-06,SHOP,Tier A,33.31390677286328,34,0.8%
2026-10-06,EXEL,Tier A,33.14479408186841,72,2.6%
2026-10-06,NVDA,Tier A,31.505964177139777,69,2.4%
2026-10-06,CRM,Tier A,31.18193958799711,60,2.2%
2026-10-06,AAPL,Tier A,28.808067334536048,68,3.5%
2026-10-06,META,Tier A,21.3503259009735,63,2.4%
2026-10-06,LLY,Tier A,20.290428418861328,62,2.4%
2026-10-06,ITUB,Tier A,13.771779487887347,58,2.7%
2026-10-06,VRTX,Tier A,13.421333747090603,54,2.5%
2026-10-06,JPM,Tier A,12.265413829347406,56,3.4%
2026-10-06,GOOGL,Tier A,9.32174643189352,59,2.8%
2026-10-06,ZION,Tier A,5.228694111534926,47,2.1%
2026-10-06,ACN,Tier A,2.697747121235894,52,2.0%
2026-10-06,TDW,Tier A,-4.451271062045803,35,1.0%
2026-10-06,CHTR,Tier B,-51.373912545377735,48,1.5%
2026-10-06,NFLX,Tier B,-32.08572249268955,54,2.3%
2026-10-06,ADSK,Tier B,-7.932679983651248,55,2.4%
2026-10-06,ORCL,Tier B,-0.12875108012562198,45,1.2%
2026-10-06,AVGO,Tier B,3.7403781409933723,47,1.4%
2026-10-07,TMV.DE,Tier A,54.30131810637702,83,2.6%
2026-10-07,SAP.DE,Tier A,33.69646298619702,60,2.5%
2026-10-07,ASML.AS,Tier A,27.861187124022237,62,2.2%
2026-10-07,ARGX.BR,Tier A,18.41134751773048,56,2.4%
2026-10-07,GALP.LS,Tier A,15.99709779093008,63,3.2%
2026-10-07,ABBN.SW,Tier A,14.949897049896489,63,3.4%
2026-10-07,RR.L,Tier A,13.50364916389124,57,2.4%
2026-10-07,NOS.LS,Tier A,6.943855994068948,64,4.5%
2026-10-07,OR.PA,Tier A,5.611161645370966,49,3.0%
2026-10-07,SLR.MC,Tier B,-27.99827532239786,43,1.5%
2026-10-07,RMS.PA,Tier B,-27.543322489817946,49,2.5%
2026-10-07,AZN.L,Tier B,-21.478727422313902,52,2.9%
2026-10-07,GSK.L,Tier B,-18.8501946184623,62,3.7%
2026-10-07,BESI.AS,Tier B,-11.348279745019896,42,1.2%
2026-10-07,ADYEN.AS,Tier B,-6.3815977911612976,42,1.5%
2026-10-07,NOVN.SW,Tier B,-3.761499717375294,62,4.3%
2026-10-07,NOVO-B.CO,Tier B,4.442121541860988,52,1.6%
2026-10-07,AMS.MC,Tier B,7.709821602933342,61,3.5%
2026-10-07,MU,Tier A,148.08921357667924,80,1.7%
2026-10-07,FTNT,Tier A,137.1311623958076,73,2.6%
2026-10-07,SNDK,Tier A,94.98807457474392,80,1.1%
2026-10-07,PLTR,Tier A,47.191355076064156,57,1.3%
2026-10-07,SHOP,Tier A,46.324974604326144,42,1.0%
2026-10-07,MSFT,Tier A,42.45179919079576,80,4.1%
2026-10-07,HAFN,Tier A,34.32410678324362,70,2.6%
2026-10-07,AMAT,Tier A,33.60573413425525,60,1.7%
2026-10-07,CRM,Tier A,32.26078066174232,61,2.2%
2026-10-07,NVDA,Tier A,30.38271422297718,68,2.3%
2026-10-07,EXEL,Tier A,28.451887309087674,69,2.5%
2026-10-07,AAPL,Tier A,28.306431642163112,67,3.5%
2026-10-07,LLY,Tier A,21.561577438383072,63,2.5%
2026-10-07,META,Tier A,17.784893154698867,61,2.3%
2026-10-07,ITUB,Tier A,13.954804582755687,58,2.7%
2026-10-07,VRTX,Tier A,12.428935702362963,53,2.4%
2026-10-07,GOOGL,Tier A,9.300541572527067,59,2.8%
2026-10-07,JPM,Tier A,7.766766199736841,53,3.2%
2026-10-07,AVGO,Tier A,6.249524922285699,49,1.4%
2026-10-07,ACN,Tier A,5.211778488394736,53,2.0%
2026-10-07,ZION,Tier A,3.2108159259536917,46,2.1%
2026-10-07,TDW,Tier A,-6.408943539871914,35,1.0%
2026-10-07,CHTR,Tier B,-51.3327055194465,48,1.5%
2026-10-07,NFLX,Tier B,-32.68985753330356,54,2.3%
2026-10-07,ADSK,Tier B,2.7317522156523166,57,2.5%
2026-10-07,ORCL,Tier B,5.377671053493827,48,1.3%
2026-10-08,TMV.DE,Tier A,44.935348998051026,77,2.4%
2026-10-08,ASML.AS,Tier A,31.358034526753876,64,2.3%
2026-10-08,SAP.DE,Tier A,30.206317448114394,58,2.5%
2026-10-08,ARGX.BR,Tier A,18.11267605633804,56,2.4%
2026-10-08,GALP.LS,Tier A,17.25523332554857,64,3.2%
2026-10-08,ABBN.SW,Tier A,11.595414859774955,61,3.3%
2026-10-08,RR.L,Tier A,10.644030032108853,56,2.3%
2026-10-08,OR.PA,Tier A,6.5462487647169,50,3.0%
2026-10-08,NOS.LS,Tier A,4.565647957917496,62,4.4%
2026-10-08,NOVN.SW,Tier A,-0.497434994074919,62,4.3%
2026-10-08,SLR.MC,Tier B,-33.00749007210793,43,1.5%
2026-10-08,RMS.PA,Tier B,-21.180133150443403,49,2.5%
2026-10-08,AZN.L,Tier B,-18.729618579840434,51,2.8%
2026-10-08,BESI.AS,Tier B,-18.72335149657833,43,1.3%
2026-10-08,GSK.L,Tier B,-17.473539985715746,62,3.7%
2026-10-08,ADYEN.AS,Tier B,-10.041493775933608,42,1.5%
2026-10-08,AMS.MC,Tier B,2.333014526578747,58,3.3%
2026-10-08,NOVO-B.CO,Tier B,6.849376749067493,53,1.6%
2026-10-08,MU,Tier A,158.7240110033735,80,1.7%
2026-10-08,FTNT,Tier A,146.77966924434776,73,2.6%
2026-10-08,SNDK,Tier A,98.69448385571175,80,1.1%
2026-10-08,PLTR,Tier A,51.58519351709971,60,1.4%
2026-10-08,SHOP,Tier A,49.86009333629997,44,1.1%
2026-10-08,MSFT,Tier A,43.42138028480409,81,4.2%
2026-10-08,HAFN,Tier A,40.36660731336903,73,2.7%
2026-10-08,CRM,Tier A,36.72142579034603,63,2.3%
2026-10-08,EXEL,Tier A,32.00812745069739,71,2.6%
2026-10-08,AMAT,Tier A,30.630234338971118,59,1.7%
2026-10-08,AAPL,Tier A,29.480503048988037,68,3.5%
2026-10-08,LLY,Tier A,26.930354713077655,66,2.6%
2026-10-08,NVDA,Tier A,26.179711402687754,66,2.3%
2026-10-08,VRTX,Tier A,15.900709968980165,55,2.5%
2026-10-08,META,Tier A,14.715704032444377,59,2.3%
2026-10-08,ACN,Tier A,10.847457131439263,56,2.1%
2026-10-08,GOOGL,Tier A,10.621230595001684,60,2.8%
2026-10-08,ITUB,Tier A,7.561023490194407,54,2.5%
2026-10-08,JPM,Tier A,7.372890556709288,53,3.2%
2026-10-08,AVGO,Tier A,1.6801586600400098,46,1.3%
2026-10-08,TDW,Tier A,-3.1358850128826887,35,1.0%
2026-10-08,CHTR,Tier B,-51.119643769139735,48,1.5%
2026-10-08,NFLX,Tier B,-32.33667070886561,54,2.3%
2026-10-08,ORCL,Tier B,4.322862882493306,47,1.2%
2026-10-08,ADSK,Tier B,7.598995804723541,59,2.6%
2026-10-09,TMV.DE,Tier A,36.23247481028231,72,2.3%
2026-10-09,ASML.AS,Tier A,33.8273765000618,65,2.4%
2026-10-09,SAP.DE,Tier A,23.798898531358105,55,2.3%
2026-10-09,GALP.LS,Tier A,20.500949332468956,66,3.3%
2026-10-09,ABBN.SW,Tier A,9.141283078234697,60,3.2%
2026-10-09,OR.PA,Tier A,9.002096024774154,51,3.1%
2026-10-09,RR.L,Tier A,4.184754581943673,52,2.2%
2026-10-09,NOS.LS,Tier A,4.083481574562464,62,4.4%
2026-10-09,SLR.MC,Tier B,-34.07098331105837,43,1.5%
2026-10-09,RMS.PA,Tier B,-23.103540624548778,49,2.5%
2026-10-09,GSK.L,Tier B,-20.739075014472686,62,3.7%
2026-10-09,AZN.L,Tier B,-20.27895473545277,52,2.9%
2026-10-09,BESI.AS,Tier B,-17.898340380146283,42,1.2%
2026-10-09,ADYEN.AS,Tier B,-10.062630480167012,42,1.5%
2026-10-09,NOVN.SW,Tier B,-2.1283661500481443,62,4.3%
2026-10-09,ARGX.BR,Tier B,-0.7036273230680345,46,1.9%
2026-10-09,AMS.MC,Tier B,-0.23949270264317368,57,3.3%
2026-10-09,NOVO-B.CO,Tier B,6.225433322056206,53,1.6%
2026-10-09,MU,Tier A,142.87304328064613,80,1.7%
2026-10-09,FTNT,Tier A,140.15749458195734,73,2.6%
2026-10-09,SNDK,Tier A,68.97217437664042,80,1.1%
2026-10-09,PLTR,Tier A,50.169982708933716,59,1.3%
2026-10-09,HAFN,Tier A,44.2196804553656,75,2.8%
2026-10-09,SHOP,Tier A,43.1329875718578,40,1.0%
2026-10-09,MSFT,Tier A,36.516339302917736,77,4.0%
2026-10-09,CRM,Tier A,32.38614637876813,61,2.2%
2026-10-09,AAPL,Tier A,31.569248965834795,69,3.6%
2026-10-09,EXEL,Tier A,31.272245684156985,71,2.6%
2026-10-09,AMAT,Tier A,29.065023918736976,58,1.6%
2026-10-09,LLY,Tier A,26.221533386642704,65,2.6%
2026-10-09,NVDA,Tier A,22.025684248419374,64,2.2%
2026-10-09,VRTX,Tier A,14.362007490104766,55,2.5%
2026-10-09,META,Tier A,13.805099937138209,59,2.3%
2026-10-09,ACN,Tier A,9.854320599908029,55,2.1%
2026-10-09,GOOGL,Tier A,8.531338362412866,59,2.8%
2026-10-09,ITUB,Tier A,8.436534315382938,55,2.5%
2026-10-09,JPM,Tier A,6.660902772041766,53,3.2%
2026-10-09,WMG,Tier A,2.107127978973322,59,2.9%
2026-10-09,TDW,Tier A,-3.563708092404705,35,1.0%
2026-10-09,CHTR,Tier B,-51.53778316836243,48,1.5%
2026-10-09,NFLX,Tier B,-30.622336996763945,54,2.3%
2026-10-09,ORCL,Tier B,-12.503490481587088,45,1.2%
2026-10-09,AVGO,Tier B,-4.840863570033161,45,1.3%
2026-10-09,ADSK,Tier B,2.8440638950541386,57,2.5%
